bioguide_id,member_name,party,chamber,state,total_tweets,tweets_per_day_in_office,account_count,days_in_office,service_start_used,service_end_used,service_date_source
L000576,Billy Long,R,house,MO,17900,24.52054794520548,2,730,2021-01-03,2023-01-03,service_date_lookup
R000614,Chip Roy,R,house,TX,15959,21.861643835616437,2,730,2021-01-03,2023-01-03,service_date_lookup
C001098,Ted Cruz,R,senate,TX,14857,20.352054794520548,3,730,2021-01-03,2023-01-03,service_date_lookup
E000296,Dwight Evans,D,house,PA,14782,20.24931506849315,2,730,2021-01-03,2023-01-03,service_date_lookup
B001298,Don Bacon,R,house,NE,14087,19.297260273972604,2,730,2021-01-03,2023-01-03,service_date_lookup
T000478,Claudia Tenney,R,house,NY,13194,19.094066570188133,2,691,2021-02-11,2023-01-03,service_date_lookup
S001196,Elise Stefanik,R,house,NY,11961,16.384931506849316,2,730,2021-01-03,2023-01-03,service_date_lookup
C001056,John Cornyn,R,senate,TX,11192,15.331506849315069,2,730,2021-01-03,2023-01-03,service_date_lookup
C001117,Sean Casten,D,house,IL,11188,15.326027397260274,3,730,2021-01-03,2023-01-03,service_date_lookup
J000298,Pramila Jayapal,D,house,WA,11128,15.243835616438357,2,730,2021-01-03,2023-01-03,service_date_lookup
B001292,Don Beyer,D,house,VA,11021,15.097260273972603,2,730,2021-01-03,2023-01-03,service_date_lookup
S001193,Eric Swalwell,D,house,CA,10367,14.2013698630137,2,730,2021-01-03,2023-01-03,service_date_lookup
P000096,Bill Pascrell,D,house,NJ,9563,13.1,2,730,2021-01-03,2023-01-03,service_date_lookup
K000389,Ro Khanna,D,house,CA,8825,12.08904109589041,2,730,2021-01-03,2023-01-03,service_date_lookup
L000582,Ted Lieu,D,house,CA,8228,11.271232876712329,2,730,2021-01-03,2023-01-03,service_date_lookup
P000617,Ayanna Pressley,D,house,MA,8206,11.241095890410959,2,730,2021-01-03,2023-01-03,service_date_lookup
G000578,Matt Gaetz,R,house,FL,8182,11.208219178082192,2,730,2021-01-03,2023-01-03,service_date_lookup
B001243,Marsha Blackburn,R,senate,TN,7982,10.934246575342465,2,730,2021-01-03,2023-01-03,service_date_lookup
B001223,Jamaal Bowman,D,house,NY,7559,10.354794520547944,2,730,2021-01-03,2023-01-03,service_date_lookup
G000582,Jenniffer Gonzalez,R,house,PR,7548,10.33972602739726,4,730,2021-01-03,2023-01-03,service_date_lookup
G000386,Chuck Grassley,R,senate,IA,7409,10.14931506849315,3,730,2021-01-03,2023-01-03,service_date_lookup
C001091,Joaquin Castro,D,house,TX,7396,10.131506849315068,2,730,2021-01-03,2023-01-03,service_date_lookup
M000317,Nicole Malliotakis,R,house,NY,7380,10.10958904109589,2,730,2021-01-03,2023-01-03,service_date_lookup
G000574,Ruben Gallego,D,house,AZ,7282,9.975342465753425,2,730,2021-01-03,2023-01-03,service_date_lookup
M001184,Thomas Massie,R,house,KY,7186,9.843835616438357,3,730,2021-01-03,2023-01-03,service_date_lookup
H000601,Bill Hagerty,R,senate,TN,6889,9.436986301369863,2,730,2021-01-03,2023-01-03,service_date_lookup
M000087,Carolyn Maloney,D,house,NY,6745,9.23972602739726,2,730,2021-01-03,2023-01-03,service_date_lookup
S001217,Rick Scott,R,senate,FL,6552,8.975342465753425,2,730,2021-01-03,2023-01-03,service_date_lookup
P000145,Alex Padilla,D,senate,CA,6477,9.084151472650772,2,713,2021-01-20,2023-01-03,service_date_lookup
D000627,Val Demings,D,house,FL,6445,8.82876712328767,3,730,2021-01-03,2023-01-03,service_date_lookup
G000594,Ernest Gonzales,R,house,TX,6324,8.663013698630136,2,730,2021-01-03,2023-01-03,service_date_lookup
S001205,Mary Scanlon,D,house,PA,6294,8.621917808219179,2,730,2021-01-03,2023-01-03,service_date_lookup
B001302,Andy Biggs,R,house,AZ,6214,8.512328767123288,2,730,2021-01-03,2023-01-03,service_date_lookup
E000297,Adriano Espaillat,D,house,NY,6178,8.463013698630137,3,730,2021-01-03,2023-01-03,service_date_lookup
O000173,Ilhan Omar,D,house,MN,6157,8.434246575342465,2,730,2021-01-03,2023-01-03,service_date_lookup
G000586,Chuy Garcia,D,house,IL,6055,8.294520547945206,4,730,2021-01-03,2023-01-03,service_date_lookup
B000825,Lauren Boebert,R,house,CO,5958,8.161643835616438,2,730,2021-01-03,2023-01-03,service_date_lookup
M001165,Kevin McCarthy,R,house,CA,5951,8.152054794520549,3,730,2021-01-03,2023-01-03,service_date_lookup
R000595,Marco Rubio,R,senate,FL,5937,8.132876712328768,3,730,2021-01-03,2023-01-03,service_date_lookup
H001046,Martin Heinrich,D,senate,NM,5925,8.116438356164384,4,730,2021-01-03,2023-01-03,service_date_lookup
M001188,Grace Meng,D,house,NY,5868,8.038356164383561,2,730,2021-01-03,2023-01-03,service_date_lookup
K000378,Adam Kinzinger,R,house,IL,5838,7.997260273972603,2,730,2021-01-03,2023-01-03,service_date_lookup
C001111,Charlie Crist,D,house,FL,5761,9.522314049586777,2,605,2021-01-03,2022-08-31,service_date_lookup
L000592,Andy Levin,D,house,MI,5677,7.776712328767124,2,730,2021-01-03,2023-01-03,service_date_lookup
P000197,Nancy Pelosi,D,house,CA,5651,7.741095890410959,3,730,2021-01-03,2023-01-03,service_date_lookup
W000790,Raphael G. Warnock,D,senate,GA,5522,7.744740532959327,2,713,2021-01-20,2023-01-03,service_date_lookup
M001111,Patty Murray,D,senate,WA,5502,7.536986301369863,2,730,2021-01-03,2023-01-03,service_date_lookup
W000802,Sheldon Whitehouse,D,senate,RI,5442,7.454794520547945,2,730,2021-01-03,2023-01-03,service_date_lookup
K000391,Raja Krishnamoorthi,D,house,IL,5432,7.441095890410959,2,730,2021-01-03,2023-01-03,service_date_lookup
C001039,Katherine Cammack,R,house,FL,5362,7.345205479452055,2,730,2021-01-03,2023-01-03,service_date_lookup
M000194,Nancy Mace,R,house,SC,5349,7.3273972602739725,2,730,2021-01-03,2023-01-03,service_date_lookup
G000596,Marjorie Greene,R,house,GA,5313,7.278082191780822,2,730,2021-01-03,2023-01-03,service_date_lookup
R000577,Tim Ryan,D,house,OH,5289,7.245205479452054,2,730,2021-01-03,2023-01-03,service_date_lookup
M001176,Jeff Merkley,D,senate,OR,5281,7.234246575342466,2,730,2021-01-03,2023-01-03,service_date_lookup
D000032,Byron Donalds,R,house,FL,5233,7.168493150684932,3,730,2021-01-03,2023-01-03,service_date_lookup
D000563,Dick Durbin,D,senate,IL,5203,7.127397260273972,2,730,2021-01-03,2023-01-03,service_date_lookup
M000355,Mitch McConnell,R,senate,KY,5160,7.068493150684931,5,730,2021-01-03,2023-01-03,service_date_lookup
B001311,Dan Bishop,R,house,NC,5111,7.001369863013698,2,730,2021-01-03,2023-01-03,service_date_lookup
B001309,Tim Burchett,R,house,TN,5105,6.993150684931507,2,730,2021-01-03,2023-01-03,service_date_lookup
W000817,Elizabeth Warren,D,senate,MA,4997,6.845205479452055,3,730,2021-01-03,2023-01-03,service_date_lookup
C001066,Kathy Castor,D,house,FL,4980,6.821917808219178,2,730,2021-01-03,2023-01-03,service_date_lookup
N000192,Marie Newman,D,house,IL,4966,6.802739726027397,3,730,2021-01-03,2023-01-03,service_date_lookup
C001104,David Cawthorn,R,house,NC,4955,6.787671232876712,2,730,2021-01-03,2023-01-03,service_date_lookup
M001143,Betty McCollum,D,house,MN,4940,6.767123287671233,2,730,2021-01-03,2023-01-03,service_date_lookup
C001095,Tom Cotton,R,senate,AR,4924,6.745205479452054,2,730,2021-01-03,2023-01-03,service_date_lookup
J000306,Mondaire Jones,D,house,NY,4908,6.723287671232876,3,730,2021-01-03,2023-01-03,service_date_lookup
G000585,Jimmy Gomez,D,house,CA,4893,6.7027397260273975,2,730,2021-01-03,2023-01-03,service_date_lookup
J000289,Jim Jordan,R,house,OH,4867,6.667123287671233,2,730,2021-01-03,2023-01-03,service_date_lookup
D000399,Lloyd Doggett,D,house,TX,4861,6.658904109589041,2,730,2021-01-03,2023-01-03,service_date_lookup
E000295,Joni Ernst,R,senate,IA,4856,6.652054794520548,4,730,2021-01-03,2023-01-03,service_date_lookup
L000589,Debbie Lesko,R,house,AZ,4851,6.645205479452055,2,730,2021-01-03,2023-01-03,service_date_lookup
P000607,Mark Pocan,D,house,WI,4844,6.635616438356164,2,730,2021-01-03,2023-01-03,service_date_lookup
S001215,Haley Stevens,D,house,MI,4837,6.626027397260274,2,730,2021-01-03,2023-01-03,service_date_lookup
T000486,Ritchie Torres,D,house,NY,4820,6.602739726027397,2,730,2021-01-03,2023-01-03,service_date_lookup
S001200,Darren Soto,D,house,FL,4782,6.550684931506849,2,730,2021-01-03,2023-01-03,service_date_lookup
S001218,Melanie Stansbury,D,house,NM,4778,8.411971830985916,2,568,2021-06-14,2023-01-03,service_date_lookup
M001169,Chris Murphy,D,senate,CT,4744,6.498630136986302,2,730,2021-01-03,2023-01-03,service_date_lookup
S001209,Abigail Spanberger,D,house,VA,4604,6.306849315068493,2,730,2021-01-03,2023-01-03,service_date_lookup
S000168,Maria Salazar,R,house,FL,4547,6.228767123287671,2,730,2021-01-03,2023-01-03,service_date_lookup
Z000017,Lee Zeldin,R,house,NY,4545,6.226027397260274,3,730,2021-01-03,2023-01-03,service_date_lookup
G000583,Josh Gottheimer,D,house,NJ,4545,6.226027397260274,2,730,2021-01-03,2023-01-03,service_date_lookup
M001199,Brian Mast,R,house,FL,4526,6.2,2,730,2021-01-03,2023-01-03,service_date_lookup
M001215,Mariannette Miller-Meeks,R,house,IA,4466,6.117808219178082,2,730,2021-01-03,2023-01-03,service_date_lookup
B001299,Jim Banks,R,house,IN,4420,6.054794520547945,3,730,2021-01-03,2023-01-03,service_date_lookup
S000148,Chuck Schumer,D,senate,NY,4372,5.989041095890411,2,730,2021-01-03,2023-01-03,service_date_lookup
S001145,Jan Schakowsky,D,house,IL,4363,5.976712328767123,2,730,2021-01-03,2023-01-03,service_date_lookup
S001181,Jeanne Shaheen,D,senate,NH,4338,5.942465753424657,2,730,2021-01-03,2023-01-03,service_date_lookup
E000299,Veronica Escobar,D,house,TX,4327,5.927397260273972,2,730,2021-01-03,2023-01-03,service_date_lookup
W000823,Michael Waltz,R,house,FL,4312,5.906849315068493,4,730,2021-01-03,2023-01-03,service_date_lookup
L000551,Barbara Lee,D,house,CA,4248,5.8191780821917805,3,730,2021-01-03,2023-01-03,service_date_lookup
T000468,Dina Titus,D,house,NV,4213,5.771232876712329,2,730,2021-01-03,2023-01-03,service_date_lookup
W000788,Nikema Williams,D,house,GA,4208,5.764383561643836,2,730,2021-01-03,2023-01-03,service_date_lookup
L000560,Rick Larsen,D,house,WA,4187,5.735616438356164,2,730,2021-01-03,2023-01-03,service_date_lookup
S001194,Brian Schatz,D,senate,HI,4187,5.735616438356164,3,730,2021-01-03,2023-01-03,service_date_lookup
T000474,Norma Torres,D,house,CA,4165,5.705479452054795,2,730,2021-01-03,2023-01-03,service_date_lookup
O000172,Alexandria Ocasio-Cortez,D,house,NY,4145,5.678082191780822,3,730,2021-01-03,2023-01-03,service_date_lookup
K000397,Young Kim,R,house,CA,4144,5.676712328767123,2,730,2021-01-03,2023-01-03,service_date_lookup
G000565,Paul Gosar,R,house,AZ,4124,5.64931506849315,2,730,2021-01-03,2023-01-03,service_date_lookup
H001091,Ashley Hinson,R,house,IA,4116,5.638356164383562,2,730,2021-01-03,2023-01-03,service_date_lookup
P000034,Frank Pallone,D,house,NJ,4097,5.612328767123287,2,730,2021-01-03,2023-01-03,service_date_lookup
T000481,Rashida Tlaib,D,house,MI,4086,5.597260273972603,2,730,2021-01-03,2023-01-03,service_date_lookup
M000639,Bob Menendez,D,senate,NJ,4061,5.563013698630137,3,730,2021-01-03,2023-01-03,service_date_lookup
C001113,Catherine Cortez Masto,D,senate,NV,4046,5.542465753424658,3,730,2021-01-03,2023-01-03,service_date_lookup
G000590,Mark Green,R,house,TN,4021,5.508219178082192,2,730,2021-01-03,2023-01-03,service_date_lookup
M000133,Ed Markey,D,senate,MA,3984,5.457534246575342,2,730,2021-01-03,2023-01-03,service_date_lookup
P000048,August Pfluger,R,house,TX,3971,5.43972602739726,2,730,2021-01-03,2023-01-03,service_date_lookup
V000081,Nydia Velazquez,D,house,NY,3968,5.435616438356164,2,730,2021-01-03,2023-01-03,service_date_lookup
M001198,Roger Marshall,R,senate,KS,3950,5.410958904109589,3,730,2021-01-03,2023-01-03,service_date_lookup
H001076,Maggie Hassan,D,senate,NH,3902,5.345205479452055,2,730,2021-01-03,2023-01-03,service_date_lookup
V000134,Beth Van Duyne,R,house,TX,3877,5.310958904109589,2,730,2021-01-03,2023-01-03,service_date_lookup
A000370,Alma Adams,D,house,NC,3874,5.306849315068493,2,730,2021-01-03,2023-01-03,service_date_lookup
S001184,Tim Scott,R,senate,SC,3868,5.298630136986302,3,730,2021-01-03,2023-01-03,service_date_lookup
C001075,Bill Cassidy,R,senate,LA,3867,5.2972602739726025,2,730,2021-01-03,2023-01-03,service_date_lookup
P000449,Rob Portman,R,senate,OH,3856,5.282191780821917,3,730,2021-01-03,2023-01-03,service_date_lookup
K000367,Amy Klobuchar,D,senate,MN,3844,5.265753424657534,2,730,2021-01-03,2023-01-03,service_date_lookup
H001089,Josh Hawley,R,senate,MO,3843,5.264383561643836,3,730,2021-01-03,2023-01-03,service_date_lookup
G000587,Sylvia Garcia,D,house,TX,3841,5.261643835616439,2,730,2021-01-03,2023-01-03,service_date_lookup
W000437,Roger Wicker,R,senate,MS,3839,5.258904109589041,2,730,2021-01-03,2023-01-03,service_date_lookup
C001070,Bob Casey Jr.,D,senate,PA,3749,5.135616438356164,2,730,2021-01-03,2023-01-03,service_date_lookup
B001278,Suzanne Bonamici,D,house,OR,3678,5.038356164383561,1,730,2021-01-03,2023-01-03,service_date_lookup
A000376,Colin Allred,D,house,TX,3647,4.995890410958904,2,730,2021-01-03,2023-01-03,service_date_lookup
L000591,Elaine Luria,D,house,VA,3625,4.965753424657534,2,730,2021-01-03,2023-01-03,service_date_lookup
M001203,Tom Malinowski,D,house,NJ,3618,4.956164383561644,2,730,2021-01-03,2023-01-03,service_date_lookup
R000608,Jacky Rosen,D,senate,NV,3601,4.932876712328767,3,730,2021-01-03,2023-01-03,service_date_lookup
B001297,Ken Buck,R,house,CO,3597,4.927397260273972,2,730,2021-01-03,2023-01-03,service_date_lookup
L000593,Mike Levin,D,house,CA,3564,4.882191780821918,3,730,2021-01-03,2023-01-03,service_date_lookup
F000462,Lois Frankel,D,house,FL,3526,4.83013698630137,2,730,2021-01-03,2023-01-03,service_date_lookup
M000312,Jim McGovern,D,house,MA,3525,4.828767123287672,2,730,2021-01-03,2023-01-03,service_date_lookup
B001230,Tammy Baldwin,D,senate,WI,3525,4.828767123287672,2,730,2021-01-03,2023-01-03,service_date_lookup
E000294,Tom Emmer,R,house,MN,3503,4.798630136986302,4,730,2021-01-03,2023-01-03,service_date_lookup
L000273,Teresa Fernandez,D,house,NM,3502,4.7972602739726025,2,730,2021-01-03,2023-01-03,service_date_lookup
T000460,Mike Thompson,D,house,CA,3502,4.7972602739726025,2,730,2021-01-03,2023-01-03,service_date_lookup
J000304,Ronny Jackson,R,house,TX,3416,4.67945205479452,2,730,2021-01-03,2023-01-03,service_date_lookup
T000278,Tommy Tuberville,R,senate,AL,3381,4.631506849315069,2,730,2021-01-03,2023-01-03,service_date_lookup
S001191,Kyrsten Sinema,I,senate,AZ,3372,4.619178082191781,3,730,2021-01-03,2023-01-03,service_date_lookup
J000305,Sara Jacobs,D,house,CA,3365,4.609589041095891,2,730,2021-01-03,2023-01-03,service_date_lookup
T000482,Lori Trahan,D,house,MA,3354,4.594520547945206,3,730,2021-01-03,2023-01-03,service_date_lookup
Y000064,Todd Young,R,senate,IN,3339,4.573972602739726,2,730,2021-01-03,2023-01-03,service_date_lookup
H000874,Steny Hoyer,D,house,MD,3332,4.564383561643836,4,730,2021-01-03,2023-01-03,service_date_lookup
N000188,Donald Norcross,D,house,NJ,3328,4.558904109589041,2,730,2021-01-03,2023-01-03,service_date_lookup
B001312,Carolyn Bourdeaux,D,house,GA,3316,4.542465753424658,2,730,2021-01-03,2023-01-03,service_date_lookup
D000622,Tammy Duckworth,D,senate,IL,3296,4.515068493150685,4,730,2021-01-03,2023-01-03,service_date_lookup
M001160,Gwen Moore,D,house,WI,3274,4.484931506849315,2,730,2021-01-03,2023-01-03,service_date_lookup
R000305,Deborah Ross,D,house,NC,3262,4.468493150684932,2,730,2021-01-03,2023-01-03,service_date_lookup
B001236,John Boozman,R,senate,AR,3240,4.438356164383562,2,730,2021-01-03,2023-01-03,service_date_lookup
D000626,Warren Davidson,R,house,OH,3202,4.3863013698630136,2,730,2021-01-03,2023-01-03,service_date_lookup
K000381,Derek Kilmer,D,house,WA,3202,4.3863013698630136,2,730,2021-01-03,2023-01-03,service_date_lookup
H001068,Jared Huffman,D,house,CA,3192,4.372602739726028,2,730,2021-01-03,2023-01-03,service_date_lookup
S000510,Adam Smith,D,house,WA,3192,4.372602739726028,2,730,2021-01-03,2023-01-03,service_date_lookup
M001153,Lisa Murkowski,R,senate,AK,3192,4.372602739726028,2,730,2021-01-03,2023-01-03,service_date_lookup
L000557,John B. Larson,D,house,CT,3168,4.33972602739726,2,730,2021-01-03,2023-01-03,service_date_lookup
O000174,Jon Ossoff,D,senate,GA,3162,4.434782608695652,3,713,2021-01-20,2023-01-03,service_date_lookup
W000822,Bonnie Watson Coleman,D,house,NJ,3148,4.3123287671232875,2,730,2021-01-03,2023-01-03,service_date_lookup
N000191,Joe Neguse,D,house,CO,3148,4.3123287671232875,2,730,2021-01-03,2023-01-03,service_date_lookup
L000571,Cynthia M. Lummis,R,senate,WY,3134,4.293150684931507,2,730,2021-01-03,2023-01-03,service_date_lookup
G000555,Kirsten Gillibrand,D,senate,NY,3119,4.272602739726027,2,730,2021-01-03,2023-01-03,service_date_lookup
N000026,Troy Nehls,R,house,TX,3113,4.264383561643836,2,730,2021-01-03,2023-01-03,service_date_lookup
Q000023,Mike Quigley,D,house,IL,3104,4.252054794520548,2,730,2021-01-03,2023-01-03,service_date_lookup
B001267,Michael Bennet,D,senate,CO,3101,4.247945205479452,4,730,2021-01-03,2023-01-03,service_date_lookup
L000590,Susie Lee,D,house,NV,3095,4.239726027397261,2,730,2021-01-03,2023-01-03,service_date_lookup
K000394,Andy Kim,D,house,NJ,3057,4.1876712328767125,2,730,2021-01-03,2023-01-03,service_date_lookup
B001224,Cori Bush,D,house,MO,3054,4.183561643835616,2,730,2021-01-03,2023-01-03,service_date_lookup
B001296,Brendan Boyle,D,house,PA,3037,4.16027397260274,2,730,2021-01-03,2023-01-03,service_date_lookup
C001101,Katherine Clark,D,house,MA,3034,4.156164383561644,4,730,2021-01-03,2023-01-03,service_date_lookup
G000061,Mike Garcia,R,house,CA,3033,4.154794520547945,3,730,2021-01-03,2023-01-03,service_date_lookup
D000630,Antonio Delgado,D,house,NY,3009,5.93491124260355,3,507,2021-01-03,2022-05-25,service_date_lookup
J000293,Ron Johnson,R,senate,WI,3004,4.115068493150685,2,730,2021-01-03,2023-01-03,service_date_lookup
P000603,Rand Paul,R,senate,KY,2976,4.076712328767123,3,730,2021-01-03,2023-01-03,service_date_lookup
C001103,Buddy Carter,R,house,GA,2968,4.065753424657534,3,730,2021-01-03,2023-01-03,service_date_lookup
M001136,Lisa McClain,R,house,MI,2941,4.028767123287671,2,730,2021-01-03,2023-01-03,service_date_lookup
B001277,Richard Blumenthal,D,senate,CT,2940,4.027397260273973,2,730,2021-01-03,2023-01-03,service_date_lookup
K000377,Mark Kelly,D,senate,AZ,2937,4.023287671232877,2,730,2021-01-03,2023-01-03,service_date_lookup
S000033,Bernie Sanders,I,senate,VT,2937,4.023287671232877,2,730,2021-01-03,2023-01-03,service_date_lookup
C001108,James Comer,R,house,KY,2931,4.015068493150685,3,730,2021-01-03,2023-01-03,service_date_lookup
H001066,Steven Horsford,D,house,NV,2927,4.00958904109589,2,730,2021-01-03,2023-01-03,service_date_lookup
C001078,Gerry Connolly,D,house,VA,2918,3.9972602739726026,2,730,2021-01-03,2023-01-03,service_date_lookup
F000454,Bill Foster,D,house,IL,2913,3.9904109589041097,2,730,2021-01-03,2023-01-03,service_date_lookup
S001207,Mikie Sherrill,D,house,NJ,2912,3.989041095890411,2,730,2021-01-03,2023-01-03,service_date_lookup
C001119,Angie Craig,D,house,MN,2905,3.9794520547945207,2,730,2021-01-03,2023-01-03,service_date_lookup
D000623,Mark DeSaulnier,D,house,CA,2881,3.9465753424657533,2,730,2021-01-03,2023-01-03,service_date_lookup
C000537,Jim Clyburn,D,house,SC,2872,3.9342465753424656,4,730,2021-01-03,2023-01-03,service_date_lookup
H001038,Brian Higgins,D,house,NY,2870,3.9315068493150687,2,730,2021-01-03,2023-01-03,service_date_lookup
H001071,Jody Hice,R,house,GA,2854,3.9095890410958902,3,730,2021-01-03,2023-01-03,service_date_lookup
J000032,Sheila Jackson Lee,D,house,TX,2827,3.872602739726027,3,730,2021-01-03,2023-01-03,service_date_lookup
K000385,Robin Kelly,D,house,IL,2818,3.8602739726027395,3,730,2021-01-03,2023-01-03,service_date_lookup
W000797,Debbie Wasserman Schultz,D,house,FL,2803,3.83972602739726,2,730,2021-01-03,2023-01-03,service_date_lookup
H001058,Bill Huizenga,R,house,MI,2789,3.8205479452054796,2,730,2021-01-03,2023-01-03,service_date_lookup
D000617,Suzan DelBene,D,house,WA,2783,3.8123287671232875,2,730,2021-01-03,2023-01-03,service_date_lookup
B001281,Joyce Beatty,D,house,OH,2775,3.8013698630136985,2,730,2021-01-03,2023-01-03,service_date_lookup
W000826,Susan Wild,D,house,PA,2770,3.7945205479452055,2,730,2021-01-03,2023-01-03,service_date_lookup
C001068,Steve Cohen,D,house,TN,2748,3.7643835616438355,2,730,2021-01-03,2023-01-03,service_date_lookup
C000141,Ben Cardin,D,senate,MD,2731,3.741095890410959,2,730,2021-01-03,2023-01-03,service_date_lookup
B001274,Mo Brooks,R,house,AL,2725,3.732876712328767,4,730,2021-01-03,2023-01-03,service_date_lookup
W000808,Frederica Wilson,D,house,FL,2711,3.713698630136986,3,730,2021-01-03,2023-01-03,service_date_lookup
O000086,Clarence Owens,R,house,UT,2710,3.712328767123288,2,730,2021-01-03,2023-01-03,service_date_lookup
C001061,Emanuel Cleaver,D,house,MO,2671,3.658904109589041,2,730,2021-01-03,2023-01-03,service_date_lookup
N000189,Dan Newhouse,R,house,WA,2660,3.643835616438356,2,730,2021-01-03,2023-01-03,service_date_lookup
C001096,Kevin Cramer,R,senate,ND,2654,3.6356164383561644,3,730,2021-01-03,2023-01-03,service_date_lookup
T000469,Paul Tonko,D,house,NY,2643,3.6205479452054794,3,730,2021-01-03,2023-01-03,service_date_lookup
B001300,Nanette Barragan,D,house,CA,2641,3.617808219178082,2,730,2021-01-03,2023-01-03,service_date_lookup
B001288,Cory Booker,D,senate,NJ,2641,3.617808219178082,4,730,2021-01-03,2023-01-03,service_date_lookup
C001084,David Cicilline,D,house,RI,2627,3.5986301369863014,2,730,2021-01-03,2023-01-03,service_date_lookup
M001157,Michael McCaul,R,house,TX,2627,3.5986301369863014,2,730,2021-01-03,2023-01-03,service_date_lookup
M001206,Joseph Morelle,D,house,NY,2624,3.5945205479452054,3,730,2021-01-03,2023-01-03,service_date_lookup
A000378,Cindy Axne,D,house,IA,2621,3.5904109589041098,2,730,2021-01-03,2023-01-03,service_date_lookup
S001135,Michelle Steel,R,house,CA,2617,3.584931506849315,2,730,2021-01-03,2023-01-03,service_date_lookup
B001291,Brian Babin,R,house,TX,2592,3.5506849315068494,2,730,2021-01-03,2023-01-03,service_date_lookup
H001081,Jahana Hayes,D,house,CT,2589,3.5465753424657533,3,730,2021-01-03,2023-01-03,service_date_lookup
L000575,James Lankford,R,senate,OK,2588,3.5452054794520547,2,730,2021-01-03,2023-01-03,service_date_lookup
H001085,Chrissy Houlahan,D,house,PA,2582,3.536986301369863,2,730,2021-01-03,2023-01-03,service_date_lookup
M001211,Mary Miller,R,house,IL,2570,3.5205479452054793,2,730,2021-01-03,2023-01-03,service_date_lookup
P000613,Jimmy Panetta,D,house,CA,2569,3.5191780821917806,2,730,2021-01-03,2023-01-03,service_date_lookup
K000396,Kaialiʻi Kahele,D,house,HI,2566,3.515068493150685,2,730,2021-01-03,2023-01-03,service_date_lookup
J000299,Mike Johnson,R,house,LA,2565,3.5136986301369864,2,730,2021-01-03,2023-01-03,service_date_lookup
S001208,Elissa Slotkin,D,house,MI,2562,3.5095890410958903,2,730,2021-01-03,2023-01-03,service_date_lookup
P000610,Stacey Plaskett,D,house,VI,2532,3.4684931506849317,1,730,2021-01-03,2023-01-03,service_date_lookup
R000610,Guy Reschenthaler,R,house,PA,2523,3.456164383561644,2,730,2021-01-03,2023-01-03,service_date_lookup
B000740,Stephanie Bice,R,house,OK,2518,3.4493150684931506,2,730,2021-01-03,2023-01-03,service_date_lookup
C001125,Troy A. Carter,D,house,LA,2510,4.1694352159468435,3,602,2021-05-11,2023-01-03,service_date_lookup
B001248,Michael C. Burgess,R,house,TX,2496,3.419178082191781,2,730,2021-01-03,2023-01-03,service_date_lookup
W000805,Mark Warner,D,senate,VA,2485,3.404109589041096,2,730,2021-01-03,2023-01-03,service_date_lookup
C001097,Tony Cardenas,D,house,CA,2476,3.3917808219178083,3,730,2021-01-03,2023-01-03,service_date_lookup
P000608,Scott Peters,D,house,CA,2474,3.389041095890411,4,730,2021-01-03,2023-01-03,service_date_lookup
J000288,Hank Johnson,D,house,GA,2469,3.382191780821918,2,730,2021-01-03,2023-01-03,service_date_lookup
T000483,David Trone,D,house,MD,2447,3.352054794520548,2,730,2021-01-03,2023-01-03,service_date_lookup
B001304,Anthony G. Brown,D,house,MD,2438,3.33972602739726,4,730,2021-01-03,2023-01-03,service_date_lookup
F000062,Dianne Feinstein,D,senate,CA,2434,3.334246575342466,2,730,2021-01-03,2023-01-03,service_date_lookup
M001190,Markwayne Mullin,R,senate,OK,2420,3.315068493150685,3,730,2021-01-03,2023-01-03,service_date_lookup
B001261,John Barrasso,R,senate,WY,2412,3.304109589041096,2,730,2021-01-03,2023-01-03,service_date_lookup
F000246,Patrick Fallon,R,house,TX,2410,3.3013698630136985,2,730,2021-01-03,2023-01-03,service_date_lookup
B001285,Julia Brownley,D,house,CA,2390,3.2739726027397262,3,730,2021-01-03,2023-01-03,service_date_lookup
D000615,Jeff Duncan,R,house,SC,2386,3.2684931506849315,2,730,2021-01-03,2023-01-03,service_date_lookup
S001195,Jason Smith,R,house,MO,2377,3.256164383561644,2,730,2021-01-03,2023-01-03,service_date_lookup
D000624,Debbie Dingell,D,house,MI,2375,3.2534246575342465,2,730,2021-01-03,2023-01-03,service_date_lookup
C001047,Shelley Moore Capito,R,senate,WV,2371,3.247945205479452,2,730,2021-01-03,2023-01-03,service_date_lookup
S000770,Debbie Stabenow,D,senate,MI,2368,3.243835616438356,2,730,2021-01-03,2023-01-03,service_date_lookup
P000614,Chris Pappas,D,house,NH,2358,3.23013698630137,3,730,2021-01-03,2023-01-03,service_date_lookup
B001310,Mike Braun,R,senate,IN,2348,3.2164383561643834,2,730,2021-01-03,2023-01-03,service_date_lookup
G000359,Lindsey Graham,R,senate,SC,2341,3.206849315068493,2,730,2021-01-03,2023-01-03,service_date_lookup
R000486,Lucille Roybal-Allard,D,house,CA,2337,3.2013698630136984,2,730,2021-01-03,2023-01-03,service_date_lookup
K000395,Fred Keller,R,house,PA,2323,3.182191780821918,2,730,2021-01-03,2023-01-03,service_date_lookup
V000131,Mark Veasey,D,house,TX,2317,3.173972602739726,2,730,2021-01-03,2023-01-03,service_date_lookup
C001080,Judy Chu,D,house,CA,2316,3.1726027397260275,2,730,2021-01-03,2023-01-03,service_date_lookup
S001176,Steve Scalise,R,house,LA,2301,3.152054794520548,3,730,2021-01-03,2023-01-03,service_date_lookup
M001196,Seth Moulton,D,house,MA,2283,3.127397260273973,3,730,2021-01-03,2023-01-03,service_date_lookup
M001186,Peter Meijer,R,house,MI,2273,3.1136986301369864,2,730,2021-01-03,2023-01-03,service_date_lookup
W000825,Jennifer Wexton,D,house,VA,2265,3.1027397260273974,2,730,2021-01-03,2023-01-03,service_date_lookup
S001212,Pete Stauber,R,house,MN,2257,3.091780821917808,2,730,2021-01-03,2023-01-03,service_date_lookup
R000599,Raul Ruiz,D,house,CA,2249,3.080821917808219,3,730,2021-01-03,2023-01-03,service_date_lookup
C001121,Jason Crow,D,house,CO,2243,3.0726027397260274,3,730,2021-01-03,2023-01-03,service_date_lookup
D000216,Rosa DeLauro,D,house,CT,2240,3.0684931506849313,2,730,2021-01-03,2023-01-03,service_date_lookup
S001213,Bryan Steil,R,house,WI,2229,3.0534246575342467,3,730,2021-01-03,2023-01-03,service_date_lookup
H001090,Josh Harder,D,house,CA,2218,3.0383561643835617,3,730,2021-01-03,2023-01-03,service_date_lookup
K000380,Dan Kildee,D,house,MI,2212,3.03013698630137,2,730,2021-01-03,2023-01-03,service_date_lookup
L000581,Brenda Lawrence,D,house,MI,2211,3.0287671232876714,2,730,2021-01-03,2023-01-03,service_date_lookup
K000382,Annie Kuster,D,house,NH,2160,2.958904109589041,2,730,2021-01-03,2023-01-03,service_date_lookup
B001286,Cheri Bustos,D,house,IL,2149,2.9438356164383563,2,730,2021-01-03,2023-01-03,service_date_lookup
B001313,Shontel Brown,D,house,OH,2139,5.0329411764705885,2,425,2021-11-04,2023-01-03,service_date_lookup
T000464,Jon Tester,D,senate,MT,2139,2.93013698630137,2,730,2021-01-03,2023-01-03,service_date_lookup
C001067,Yvette Clarke,D,house,NY,2134,2.9232876712328766,2,730,2021-01-03,2023-01-03,service_date_lookup
M001202,Stephanie Murphy,D,house,FL,2129,2.9164383561643836,3,730,2021-01-03,2023-01-03,service_date_lookup
M001200,Donald McEachin,D,house,VA,2125,3.061959654178674,2,694,2021-01-03,2022-11-28,service_date_lookup
C001120,Dan Crenshaw,R,house,TX,2120,2.904109589041096,2,730,2021-01-03,2023-01-03,service_date_lookup
G000593,Carlos Gimenez,R,house,FL,2119,2.9027397260273973,2,730,2021-01-03,2023-01-03,service_date_lookup
C000266,Steve Chabot,R,house,OH,2115,2.8972602739726026,2,730,2021-01-03,2023-01-03,service_date_lookup
N000147,Eleanor Holmes Norton,D,house,DC,2114,2.8958904109589043,2,730,2021-01-03,2023-01-03,service_date_lookup
S001201,Thomas Suozzi,D,house,NY,2114,2.8958904109589043,2,730,2021-01-03,2023-01-03,service_date_lookup
S001156,Linda Sanchez,D,house,CA,2113,2.8945205479452056,2,730,2021-01-03,2023-01-03,service_date_lookup
F000446,Randy Feenstra,R,house,IA,2112,2.893150684931507,2,730,2021-01-03,2023-01-03,service_date_lookup
M001210,Greg Murphy,R,house,NC,2107,2.8863013698630136,2,730,2021-01-03,2023-01-03,service_date_lookup
C000754,Jim Cooper,D,house,TN,2103,2.8808219178082193,3,730,2021-01-03,2023-01-03,service_date_lookup
S001190,Brad Schneider,D,house,IL,2103,2.8808219178082193,2,730,2021-01-03,2023-01-03,service_date_lookup
P000595,Gary Peters,D,senate,MI,2094,2.8684931506849316,4,730,2021-01-03,2023-01-03,service_date_lookup
F000468,Lizzie Fletcher,D,house,TX,2089,2.861643835616438,2,730,2021-01-03,2023-01-03,service_date_lookup
S001159,Marilyn Strickland,D,house,WA,2085,2.856164383561644,2,730,2021-01-03,2023-01-03,service_date_lookup
H000273,John W. Hickenlooper,D,senate,CO,2085,2.856164383561644,2,730,2021-01-03,2023-01-03,service_date_lookup
M001135,Kathy Manning,D,house,NC,2079,2.847945205479452,2,730,2021-01-03,2023-01-03,service_date_lookup
L000559,Jim Langevin,D,house,RI,2070,2.835616438356164,2,730,2021-01-03,2023-01-03,service_date_lookup
D000629,Sharice Davids,D,house,KS,2057,2.817808219178082,2,730,2021-01-03,2023-01-03,service_date_lookup
O000171,Tom O'Halleran,D,house,AZ,2053,2.8123287671232875,2,730,2021-01-03,2023-01-03,service_date_lookup
C001112,Salud Carbajal,D,house,CA,2052,2.8109589041095893,2,730,2021-01-03,2023-01-03,service_date_lookup
H001084,Stella Herrell,R,house,NM,2042,2.797260273972603,2,730,2021-01-03,2023-01-03,service_date_lookup
W000809,Steve Womack,R,house,AR,2035,2.787671232876712,2,730,2021-01-03,2023-01-03,service_date_lookup
A000148,Jake Auchincloss,D,house,MA,2030,2.780821917808219,2,730,2021-01-03,2023-01-03,service_date_lookup
F000473,Mayra Flores,R,house,TX,2027,10.341836734693878,2,196,2022-06-21,2023-01-03,service_date_lookup
M001212,Felix Moore,R,house,AL,2026,2.7753424657534245,2,730,2021-01-03,2023-01-03,service_date_lookup
G000551,Raul Grijalva,D,house,AZ,2025,2.7739726027397262,2,730,2021-01-03,2023-01-03,service_date_lookup
D000618,Steve Daines,R,senate,MT,2024,2.7726027397260276,2,730,2021-01-03,2023-01-03,service_date_lookup
R000606,Jamie Raskin,D,house,MD,2023,2.771232876712329,2,730,2021-01-03,2023-01-03,service_date_lookup
P000618,Katie Porter,D,house,CA,2021,2.7684931506849315,2,730,2021-01-03,2023-01-03,service_date_lookup
F000470,Michelle Fischbach,R,house,MN,2014,2.758904109589041,2,730,2021-01-03,2023-01-03,service_date_lookup
G000589,Lance Gooden,R,house,TX,2014,2.758904109589041,2,730,2021-01-03,2023-01-03,service_date_lookup
S001185,Terri Sewell,D,house,AL,2012,2.756164383561644,2,730,2021-01-03,2023-01-03,service_date_lookup
U000040,Lauren Underwood,D,house,IL,2009,2.752054794520548,2,730,2021-01-03,2023-01-03,service_date_lookup
I000056,Darrell Issa,R,house,CA,2007,2.749315068493151,3,730,2021-01-03,2023-01-03,service_date_lookup
S000250,Pete Sessions,R,house,TX,2005,2.7465753424657535,3,730,2021-01-03,2023-01-03,service_date_lookup
F000466,Brian Fitzpatrick,R,house,PA,2005,2.7465753424657535,2,730,2021-01-03,2023-01-03,service_date_lookup
W000779,Ron Wyden,D,senate,OR,1996,2.734246575342466,3,730,2021-01-03,2023-01-03,service_date_lookup
D000631,Madeleine Dean,D,house,PA,1985,2.719178082191781,3,730,2021-01-03,2023-01-03,service_date_lookup
H001072,French Hill,R,house,AR,1966,2.6931506849315068,2,730,2021-01-03,2023-01-03,service_date_lookup
B001282,Andy Barr,R,house,KY,1961,2.686301369863014,2,730,2021-01-03,2023-01-03,service_date_lookup
S000185,Bobby Scott,D,house,VA,1956,2.6794520547945204,2,730,2021-01-03,2023-01-03,service_date_lookup
B001305,Ted Budd,R,senate,NC,1951,2.6726027397260275,4,730,2021-01-03,2023-01-03,service_date_lookup
H001053,Vicky Hartzler,R,house,MO,1942,2.66027397260274,4,730,2021-01-03,2023-01-03,service_date_lookup
L000570,Ben Ray Lujan,D,senate,NM,1936,2.652054794520548,4,730,2021-01-03,2023-01-03,service_date_lookup
B001303,Lisa Blunt Rochester,D,house,DE,1934,2.649315068493151,3,730,2021-01-03,2023-01-03,service_date_lookup
C001088,Chris Coons,D,senate,DE,1929,2.6424657534246574,3,730,2021-01-03,2023-01-03,service_date_lookup
G000581,Vicente Gonzalez,D,house,TX,1927,2.6397260273972605,2,730,2021-01-03,2023-01-03,service_date_lookup
R000103,Matthew Rosendale,R,house,MT,1923,2.6342465753424658,2,730,2021-01-03,2023-01-03,service_date_lookup
S001214,Greg Steube,R,house,FL,1912,2.6191780821917807,2,730,2021-01-03,2023-01-03,service_date_lookup
C001059,Jim Costa,D,house,CA,1905,2.6095890410958904,1,730,2021-01-03,2023-01-03,service_date_lookup
M001159,Cathy McMorris Rodgers,R,house,WA,1903,2.606849315068493,2,730,2021-01-03,2023-01-03,service_date_lookup
R000584,Jim Risch,R,senate,ID,1900,2.6027397260273974,3,730,2021-01-03,2023-01-03,service_date_lookup
B001257,Gus Bilirakis,R,house,FL,1884,2.580821917808219,2,730,2021-01-03,2023-01-03,service_date_lookup
P000597,Chellie Pingree,D,house,ME,1875,2.5684931506849313,2,730,2021-01-03,2023-01-03,service_date_lookup
D000610,Ted Deutch,D,house,FL,1871,2.9464566929133857,3,635,2021-01-03,2022-09-30,service_date_lookup
H001082,Kevin Hern,R,house,OK,1870,2.5616438356164384,2,730,2021-01-03,2023-01-03,service_date_lookup
S001216,Kim Schrier,D,house,WA,1869,2.5602739726027397,2,730,2021-01-03,2023-01-03,service_date_lookup
H001086,Diana Harshbarger,R,house,TN,1862,2.5506849315068494,2,730,2021-01-03,2023-01-03,service_date_lookup
P000604,Donald Payne Jr,D,house,NJ,1862,2.5506849315068494,2,730,2021-01-03,2023-01-03,service_date_lookup
B001270,Karen Bass,D,house,CA,1820,2.493150684931507,3,730,2021-01-03,2023-01-03,service_date_lookup
G000576,Glenn Grothman,R,house,WI,1818,2.4904109589041097,2,730,2021-01-03,2023-01-03,service_date_lookup
Y000033,Don Young,R,house,AK,1817,4.138952164009112,2,439,2021-01-03,2022-03-18,service_date_lookup
D000619,Rodney Davis,R,house,IL,1813,2.4835616438356163,2,730,2021-01-03,2023-01-03,service_date_lookup
F000459,Chuck Fleischmann,R,house,TN,1811,2.4808219178082194,2,730,2021-01-03,2023-01-03,service_date_lookup
N000002,Jerrold Nadler,D,house,NY,1809,2.478082191780822,2,730,2021-01-03,2023-01-03,service_date_lookup
A000377,Kelly Armstrong,R,house,ND,1795,2.458904109589041,2,730,2021-01-03,2023-01-03,service_date_lookup
I000024,Jim Inhofe,R,senate,OK,1770,2.4246575342465753,3,730,2021-01-03,2023-01-03,service_date_lookup
K000393,John Kennedy,R,senate,LA,1766,2.419178082191781,2,730,2021-01-03,2023-01-03,service_date_lookup
W000800,Peter Welch,D,senate,VT,1755,2.404109589041096,2,730,2021-01-03,2023-01-03,service_date_lookup
B000755,Kevin Brady,R,house,TX,1743,2.3876712328767122,2,730,2021-01-03,2023-01-03,service_date_lookup
G000559,John Garamendi,D,house,CA,1733,2.373972602739726,2,730,2021-01-03,2023-01-03,service_date_lookup
S001168,John Sarbanes,D,house,MD,1715,2.3493150684931505,2,730,2021-01-03,2023-01-03,service_date_lookup
L000579,Alan Lowenthal,D,house,CA,1711,2.3438356164383563,2,730,2021-01-03,2023-01-03,service_date_lookup
R000575,Mike Rogers,R,house,AL,1687,2.3109589041095893,2,730,2021-01-03,2023-01-03,service_date_lookup
H001079,Cindy Hyde-Smith,R,senate,MS,1682,2.304109589041096,3,730,2021-01-03,2023-01-03,service_date_lookup
D000191,Peter DeFazio,D,house,OR,1676,2.2958904109589042,2,730,2021-01-03,2023-01-03,service_date_lookup
P000616,Dean Phillips,D,house,MN,1665,2.280821917808219,2,730,2021-01-03,2023-01-03,service_date_lookup
C000174,Tom Carper,D,senate,DE,1650,2.26027397260274,2,730,2021-01-03,2023-01-03,service_date_lookup
H001088,Jim Hagedorn,R,house,MN,1641,4.0024390243902435,2,410,2021-01-03,2022-02-17,service_date_lookup
V000128,Chris Van Hollen,D,senate,MD,1634,2.2383561643835614,2,730,2021-01-03,2023-01-03,service_date_lookup
R000612,John Rose,R,house,TN,1596,2.186301369863014,2,730,2021-01-03,2023-01-03,service_date_lookup
L000577,Mike Lee,R,senate,UT,1594,2.1835616438356165,3,730,2021-01-03,2023-01-03,service_date_lookup
G000579,Mike Gallagher,R,house,WI,1587,2.173972602739726,2,730,2021-01-03,2023-01-03,service_date_lookup
B000575,Roy Blunt,R,senate,MO,1566,2.1452054794520548,4,730,2021-01-03,2023-01-03,service_date_lookup
L000174,Patrick Leahy,D,senate,VT,1557,2.132876712328767,2,730,2021-01-03,2023-01-03,service_date_lookup
P000593,Ed Perlmutter,D,house,CO,1554,2.128767123287671,2,730,2021-01-03,2023-01-03,service_date_lookup
L000566,Bob Latta,R,house,OH,1548,2.1205479452054794,2,730,2021-01-03,2023-01-03,service_date_lookup
M001185,Sean Maloney,D,house,NY,1547,2.1191780821917807,2,730,2021-01-03,2023-01-03,service_date_lookup
S001175,Jackie Speier,D,house,CA,1547,2.1191780821917807,2,730,2021-01-03,2023-01-03,service_date_lookup
S001203,Tina Smith,D,senate,MN,1539,2.1082191780821917,2,730,2021-01-03,2023-01-03,service_date_lookup
W000816,Roger Williams,R,house,TX,1539,2.1082191780821917,2,730,2021-01-03,2023-01-03,service_date_lookup
C001051,John Carter,R,house,TX,1536,2.1041095890410957,3,730,2021-01-03,2023-01-03,service_date_lookup
T000463,Mike Turner,R,house,OH,1528,2.0931506849315067,2,730,2021-01-03,2023-01-03,service_date_lookup
K000368,Ann Kirkpatrick,D,house,AZ,1521,2.0835616438356164,2,730,2021-01-03,2023-01-03,service_date_lookup
B001287,Ami Bera,D,house,CA,1505,2.0616438356164384,2,730,2021-01-03,2023-01-03,service_date_lookup
L000266,Jacob LaTurner,R,house,KS,1503,2.058904109589041,2,730,2021-01-03,2023-01-03,service_date_lookup
W000812,Ann Wagner,R,house,MO,1497,2.0506849315068494,2,730,2021-01-03,2023-01-03,service_date_lookup
M001213,Blake Moore,R,house,UT,1496,2.0493150684931507,2,730,2021-01-03,2023-01-03,service_date_lookup
B001306,Troy Balderson,R,house,OH,1494,2.0465753424657533,2,730,2021-01-03,2023-01-03,service_date_lookup
T000472,Mark Takano,D,house,CA,1490,2.041095890410959,2,730,2021-01-03,2023-01-03,service_date_lookup
C000880,Mike Crapo,R,senate,ID,1488,2.0383561643835617,3,730,2021-01-03,2023-01-03,service_date_lookup
S001211,Greg Stanton,D,house,AZ,1482,2.03013698630137,2,730,2021-01-03,2023-01-03,service_date_lookup
R000515,Bobby Rush,D,house,IL,1480,2.0273972602739727,4,730,2021-01-03,2023-01-03,service_date_lookup
J000295,David Joyce,R,house,OH,1477,2.0232876712328767,2,730,2021-01-03,2023-01-03,service_date_lookup
C001118,Ben Cline,R,house,VA,1468,2.010958904109589,2,730,2021-01-03,2023-01-03,service_date_lookup
T000476,Thom Tillis,R,senate,NC,1454,1.9917808219178081,4,730,2021-01-03,2023-01-03,service_date_lookup
G000597,Andrew Garbarino,R,house,NY,1444,1.978082191780822,2,730,2021-01-03,2023-01-03,service_date_lookup
H001047,Jim Himes,D,house,CT,1439,1.9712328767123288,1,730,2021-01-03,2023-01-03,service_date_lookup
B000944,Sherrod Brown,D,senate,OH,1435,1.9657534246575343,2,730,2021-01-03,2023-01-03,service_date_lookup
N000190,Ralph Norman,R,house,SC,1427,1.9547945205479451,2,730,2021-01-03,2023-01-03,service_date_lookup
A000375,Jodey Arrington,R,house,TX,1426,1.9534246575342467,2,730,2021-01-03,2023-01-03,service_date_lookup
D000197,Diana DeGette,D,house,CO,1412,1.9342465753424658,2,730,2021-01-03,2023-01-03,service_date_lookup
E000298,Ron Estes,R,house,KS,1403,1.9219178082191781,2,730,2021-01-03,2023-01-03,service_date_lookup
V000130,Juan Vargas,D,house,CA,1399,1.9164383561643836,2,730,2021-01-03,2023-01-03,service_date_lookup
D000600,Mario Diaz-Balart,R,house,FL,1391,1.9054794520547946,2,730,2021-01-03,2023-01-03,service_date_lookup
S000929,Victoria Spartz,R,house,IN,1386,1.8986301369863015,2,730,2021-01-03,2023-01-03,service_date_lookup
K000392,David Kustoff,R,house,TN,1376,1.884931506849315,2,730,2021-01-03,2023-01-03,service_date_lookup
C001069,Joe Courtney,D,house,CT,1365,1.86986301369863,2,730,2021-01-03,2023-01-03,service_date_lookup
S001150,Adam Schiff,D,house,CA,1357,1.858904109589041,3,730,2021-01-03,2023-01-03,service_date_lookup
F000463,Deb Fischer,R,senate,NE,1341,1.836986301369863,4,730,2021-01-03,2023-01-03,service_date_lookup
S001199,Lloyd Smucker,R,house,PA,1332,1.8246575342465754,3,730,2021-01-03,2023-01-03,service_date_lookup
T000250,John Thune,R,senate,SD,1329,1.8205479452054794,2,730,2021-01-03,2023-01-03,service_date_lookup
G000591,Michael Guest,R,house,MS,1326,1.8164383561643835,2,730,2021-01-03,2023-01-03,service_date_lookup
M001137,Gregory Meeks,D,house,NY,1325,1.8150684931506849,3,730,2021-01-03,2023-01-03,service_date_lookup
M001208,Lucy McBath,D,house,GA,1308,1.7917808219178082,3,730,2021-01-03,2023-01-03,service_date_lookup
L000585,Darin LaHood,R,house,IL,1308,1.7917808219178082,3,730,2021-01-03,2023-01-03,service_date_lookup
W000821,Bruce Westerman,R,house,AR,1290,1.7671232876712328,3,730,2021-01-03,2023-01-03,service_date_lookup
R000615,Mitt Romney,R,senate,UT,1287,1.763013698630137,3,730,2021-01-03,2023-01-03,service_date_lookup
H001042,Mazie Hirono,D,senate,HI,1279,1.752054794520548,2,730,2021-01-03,2023-01-03,service_date_lookup
F000472,Scott Franklin,R,house,FL,1279,1.752054794520548,2,730,2021-01-03,2023-01-03,service_date_lookup
R000576,Dutch Ruppersberger,D,house,MD,1268,1.736986301369863,2,730,2021-01-03,2023-01-03,service_date_lookup
J000292,Bill Johnson,R,house,OH,1264,1.7315068493150685,2,730,2021-01-03,2023-01-03,service_date_lookup
S001192,Chris Stewart,R,house,UT,1260,1.726027397260274,2,730,2021-01-03,2023-01-03,service_date_lookup
C001126,Mike Carey,R,house,OH,1259,2.9623529411764706,2,425,2021-11-04,2023-01-03,service_date_lookup
C001114,John Curtis,R,house,UT,1251,1.7136986301369863,2,730,2021-01-03,2023-01-03,service_date_lookup
H001067,Richard Hudson,R,house,NC,1243,1.7027397260273973,3,730,2021-01-03,2023-01-03,service_date_lookup
C001054,Jerry Carl,R,house,AL,1231,1.6863013698630136,2,730,2021-01-03,2023-01-03,service_date_lookup
S000344,Brad Sherman,D,house,CA,1227,1.680821917808219,2,730,2021-01-03,2023-01-03,service_date_lookup
J000301,Dusty Johnson,R,house,SD,1212,1.6602739726027398,3,730,2021-01-03,2023-01-03,service_date_lookup
C001055,Ed Case,D,house,HI,1211,1.658904109589041,2,730,2021-01-03,2023-01-03,service_date_lookup
M000934,Jerry Moran,R,senate,KS,1211,1.658904109589041,2,730,2021-01-03,2023-01-03,service_date_lookup
P000523,David Price,D,house,NC,1206,1.652054794520548,2,730,2021-01-03,2023-01-03,service_date_lookup
F000450,Virginia Foxx,R,house,NC,1203,1.6479452054794521,2,730,2021-01-03,2023-01-03,service_date_lookup
L000583,Barry Loudermilk,R,house,GA,1202,1.6465753424657534,2,730,2021-01-03,2023-01-03,service_date_lookup
B001295,Mike Bost,R,house,IL,1187,1.626027397260274,2,730,2021-01-03,2023-01-03,service_date_lookup
M001204,Dan Meuser,R,house,PA,1170,1.6027397260273972,2,730,2021-01-03,2023-01-03,service_date_lookup
G000595,Robert Good,R,house,VA,1168,1.6,2,730,2021-01-03,2023-01-03,service_date_lookup
G000577,Garret Graves,R,house,LA,1165,1.595890410958904,2,730,2021-01-03,2023-01-03,service_date_lookup
M001183,Joe Manchin,D,senate,WV,1153,1.5794520547945206,2,730,2021-01-03,2023-01-03,service_date_lookup
P000609,Gary Palmer,R,house,AL,1150,1.5753424657534247,2,730,2021-01-03,2023-01-03,service_date_lookup
C001090,Matt Cartwright,D,house,PA,1146,1.5698630136986302,2,730,2021-01-03,2023-01-03,service_date_lookup
R000602,Kathleen Rice,D,house,NY,1143,1.5657534246575342,2,730,2021-01-03,2023-01-03,service_date_lookup
C001072,Andre Carson,D,house,IN,1137,1.5575342465753426,2,730,2021-01-03,2023-01-03,service_date_lookup
C001109,Liz Cheney,R,house,WY,1125,1.5410958904109588,2,730,2021-01-03,2023-01-03,service_date_lookup
M001205,Carol Miller,R,house,WV,1113,1.5246575342465754,2,730,2021-01-03,2023-01-03,service_date_lookup
J000294,Hakeem Jeffries,D,house,NY,1112,1.5232876712328767,4,730,2021-01-03,2023-01-03,service_date_lookup
C000127,Maria Cantwell,D,senate,WA,1106,1.515068493150685,2,730,2021-01-03,2023-01-03,service_date_lookup
C001063,Henry Cuellar,D,house,TX,1105,1.5136986301369864,2,730,2021-01-03,2023-01-03,service_date_lookup
T000193,Bennie Thompson,D,house,MS,1095,1.5,2,730,2021-01-03,2023-01-03,service_date_lookup
S001165,Albio Sires,D,house,NJ,1093,1.4972602739726026,2,730,2021-01-03,2023-01-03,service_date_lookup
L000595,Julia Letlow,R,house,LA,1083,1.7217806041335453,2,629,2021-04-14,2023-01-03,service_date_lookup
C001116,Andrew Clyde,R,house,GA,1082,1.4821917808219178,1,730,2021-01-03,2023-01-03,service_date_lookup
L000588,Conor Lamb,D,house,PA,1080,1.4794520547945205,2,730,2021-01-03,2023-01-03,service_date_lookup
M001163,Doris Matsui,D,house,CA,1078,1.4767123287671233,2,730,2021-01-03,2023-01-03,service_date_lookup
B001275,Larry Bucshon,R,house,IN,1077,1.4753424657534246,2,730,2021-01-03,2023-01-03,service_date_lookup
K000384,Tim Kaine,D,senate,VA,1076,1.473972602739726,3,730,2021-01-03,2023-01-03,service_date_lookup
L000564,Doug Lamborn,R,house,CO,1072,1.4684931506849315,2,730,2021-01-03,2023-01-03,service_date_lookup
T000165,Thomas Tiffany,R,house,WI,1071,1.4671232876712328,2,730,2021-01-03,2023-01-03,service_date_lookup
A000372,Rick W. Allen,R,house,GA,1070,1.4657534246575343,2,730,2021-01-03,2023-01-03,service_date_lookup
F000465,Drew Ferguson,R,house,GA,1061,1.4534246575342467,2,730,2021-01-03,2023-01-03,service_date_lookup
M001195,Alex Mooney,R,house,WV,1047,1.4342465753424658,2,730,2021-01-03,2023-01-03,service_date_lookup
S001198,Dan Sullivan,R,senate,AK,1045,1.4315068493150684,3,730,2021-01-03,2023-01-03,service_date_lookup
E000215,Anna Eshoo,D,house,CA,1027,1.406849315068493,2,730,2021-01-03,2023-01-03,service_date_lookup
W000813,Jackie Walorski,R,house,IN,1024,1.7746967071057191,3,577,2021-01-03,2022-08-03,service_date_lookup
G000558,Brett Guthrie,R,house,KY,1015,1.3904109589041096,2,730,2021-01-03,2023-01-03,service_date_lookup
S001148,Mike Simpson,R,house,ID,1013,1.3876712328767122,2,730,2021-01-03,2023-01-03,service_date_lookup
M001180,David McKinley,R,house,WV,994,1.3616438356164384,3,730,2021-01-03,2023-01-03,service_date_lookup
M000687,Kweisi Mfume,D,house,MD,992,1.358904109589041,2,730,2021-01-03,2023-01-03,service_date_lookup
F000469,Russ Fulcher,R,house,ID,991,1.3575342465753424,2,730,2021-01-03,2023-01-03,service_date_lookup
N000015,Richard Neal,D,house,MA,988,1.3534246575342466,2,730,2021-01-03,2023-01-03,service_date_lookup
O000019,Jay Obernolte,R,house,CA,986,1.3506849315068492,2,730,2021-01-03,2023-01-03,service_date_lookup
K000383,Angus King,I,senate,ME,964,1.3205479452054794,3,730,2021-01-03,2023-01-03,service_date_lookup
K000376,Mike Kelly,R,house,PA,955,1.3082191780821917,3,730,2021-01-03,2023-01-03,service_date_lookup
R000122,Jack Reed,D,senate,RI,948,1.2986301369863014,2,730,2021-01-03,2023-01-03,service_date_lookup
T000480,William Timmons,R,house,SC,946,1.295890410958904,2,730,2021-01-03,2023-01-03,service_date_lookup
S001183,David Schweikert,R,house,AZ,944,1.2931506849315069,2,730,2021-01-03,2023-01-03,service_date_lookup
H001061,John Hoeven,R,senate,ND,935,1.2808219178082192,2,730,2021-01-03,2023-01-03,service_date_lookup
M001156,Patrick McHenry,R,house,NC,932,1.2767123287671234,2,730,2021-01-03,2023-01-03,service_date_lookup
D000482,Michael F. Doyle,D,house,PA,929,1.2778541953232463,2,727,2021-01-03,2022-12-31,service_date_lookup
K000188,Ron Kind,D,house,WI,920,1.2602739726027397,2,730,2021-01-03,2023-01-03,service_date_lookup
L000586,Al Lawson,D,house,FL,916,1.2547945205479452,2,730,2021-01-03,2023-01-03,service_date_lookup
V000129,David Valadao,R,house,CA,910,1.2465753424657535,2,730,2021-01-03,2023-01-03,service_date_lookup
M001214,Frank Mrvan,D,house,IN,904,1.2383561643835617,2,730,2021-01-03,2023-01-03,service_date_lookup
W000798,Tim Walberg,R,house,MI,902,1.2356164383561643,2,730,2021-01-03,2023-01-03,service_date_lookup
Y000062,John Yarmuth,D,house,KY,879,1.204109589041096,2,730,2021-01-03,2023-01-03,service_date_lookup
W000815,Brad Wenstrup,R,house,OH,869,1.1904109589041096,2,730,2021-01-03,2023-01-03,service_date_lookup
J000020,Chris Jacobs,R,house,NY,859,1.1767123287671233,4,730,2021-01-03,2023-01-03,service_date_lookup
F000471,Scott Fitzgerald,R,house,WI,857,1.173972602739726,2,730,2021-01-03,2023-01-03,service_date_lookup
G000377,Kay Granger,R,house,TX,851,1.1657534246575343,3,730,2021-01-03,2023-01-03,service_date_lookup
T000461,Pat Toomey,R,senate,PA,848,1.1616438356164382,2,730,2021-01-03,2023-01-03,service_date_lookup
W000814,Randy Weber,R,house,TX,845,1.1575342465753424,2,730,2021-01-03,2023-01-03,service_date_lookup
G000552,Louie Gohmert,R,house,TX,839,1.1493150684931508,2,730,2021-01-03,2023-01-03,service_date_lookup
L000491,Frank Lucas,R,house,OK,839,1.1493150684931508,2,730,2021-01-03,2023-01-03,service_date_lookup
G000553,Al Green,D,house,TX,836,1.1452054794520548,2,730,2021-01-03,2023-01-03,service_date_lookup
A000371,Pete Aguilar,D,house,CA,833,1.141095890410959,4,730,2021-01-03,2023-01-03,service_date_lookup
C001053,Tom Cole,R,house,OK,827,1.132876712328767,2,730,2021-01-03,2023-01-03,service_date_lookup
W000804,Rob Wittman,R,house,VA,818,1.1205479452054794,2,730,2021-01-03,2023-01-03,service_date_lookup
S001172,Adrian Smith,R,house,NE,815,1.1164383561643836,1,730,2021-01-03,2023-01-03,service_date_lookup
J000302,John Joyce,R,house,PA,794,1.0876712328767124,2,730,2021-01-03,2023-01-03,service_date_lookup
K000386,John Katko,R,house,NY,782,1.0712328767123287,1,730,2021-01-03,2023-01-03,service_date_lookup
B001260,Vern Buchanan,R,house,FL,781,1.0698630136986302,2,730,2021-01-03,2023-01-03,service_date_lookup
W000795,Joe Wilson,R,house,SC,771,1.0561643835616439,3,730,2021-01-03,2023-01-03,service_date_lookup
G000568,Morgan Griffith,R,house,VA,771,1.0561643835616439,2,730,2021-01-03,2023-01-03,service_date_lookup
P000615,Greg Pence,R,house,IN,765,1.047945205479452,2,730,2021-01-03,2023-01-03,service_date_lookup
R000597,Tom Rice,R,house,SC,756,1.0356164383561643,2,730,2021-01-03,2023-01-03,service_date_lookup
W000806,Daniel Webster,R,house,FL,755,1.0342465753424657,2,730,2021-01-03,2023-01-03,service_date_lookup
S001180,Kurt Schrader,D,house,OR,752,1.0301369863013699,2,730,2021-01-03,2023-01-03,service_date_lookup
B001307,Jim Baird,R,house,IN,747,1.0232876712328767,2,730,2021-01-03,2023-01-03,service_date_lookup
P000619,Mary Sattler Peltola,D,house,AK,747,6.669642857142857,2,112,2022-09-13,2023-01-03,service_date_lookup
J000126,Eddie Bernice Johnson,D,house,TX,746,1.021917808219178,1,730,2021-01-03,2023-01-03,service_date_lookup
G000592,Jared Golden,D,house,ME,744,1.0191780821917809,2,730,2021-01-03,2023-01-03,service_date_lookup
K000375,Bill Keating,D,house,MA,743,1.0178082191780822,2,730,2021-01-03,2023-01-03,service_date_lookup
U000031,Fred Upton,R,house,MI,743,1.0178082191780822,2,730,2021-01-03,2023-01-03,service_date_lookup
C001110,Lou Correa,D,house,CA,731,1.0013698630136987,2,730,2021-01-03,2023-01-03,service_date_lookup
L000569,Blaine Luetkemeyer,R,house,MO,730,1.0,3,730,2021-01-03,2023-01-03,service_date_lookup
N000179,Grace Napolitano,D,house,CA,728,0.9972602739726028,2,730,2021-01-03,2023-01-03,service_date_lookup
H001077,Clay Higgins,R,house,LA,719,0.9849315068493151,2,730,2021-01-03,2023-01-03,service_date_lookup
D000096,Danny K. Davis,D,house,IL,707,0.9684931506849315,2,730,2021-01-03,2023-01-03,service_date_lookup
P000601,Steven Palazzo,R,house,MS,704,0.9643835616438357,2,730,2021-01-03,2023-01-03,service_date_lookup
D000628,Neal Dunn,R,house,FL,696,0.9534246575342465,3,730,2021-01-03,2023-01-03,service_date_lookup
T000467,Glenn Thompson,R,house,PA,681,0.9328767123287671,2,730,2021-01-03,2023-01-03,service_date_lookup
R000603,David Rouzer,R,house,NC,667,0.9136986301369863,2,730,2021-01-03,2023-01-03,service_date_lookup
G000588,Anthony Gonzalez,R,house,OH,665,0.910958904109589,2,730,2021-01-03,2023-01-03,service_date_lookup
B000668,Cliff Bentz,R,house,OR,665,0.910958904109589,2,730,2021-01-03,2023-01-03,service_date_lookup
K000009,Marcy Kaptur,D,house,OH,650,0.8904109589041096,2,730,2021-01-03,2023-01-03,service_date_lookup
G000563,Bob Gibbs,R,house,OH,620,0.8493150684931506,2,730,2021-01-03,2023-01-03,service_date_lookup
C001115,Michael Cloud,R,house,TX,610,0.8356164383561644,2,730,2021-01-03,2023-01-03,service_date_lookup
S001177,Gregorio Sablan,D,house,MP,603,0.826027397260274,2,730,2021-01-03,2023-01-03,service_date_lookup
S001157,David Scott,D,house,GA,584,0.8,2,730,2021-01-03,2023-01-03,service_date_lookup
R000609,John Rutherford,R,house,FL,579,0.7931506849315069,2,730,2021-01-03,2023-01-03,service_date_lookup
M000871,Tracey Mann,R,house,KS,571,0.7821917808219178,2,730,2021-01-03,2023-01-03,service_date_lookup
R000605,Mike Rounds,R,senate,SD,557,0.763013698630137,2,730,2021-01-03,2023-01-03,service_date_lookup
D000616,Scott DesJarlais,R,house,TN,511,0.7,2,730,2021-01-03,2023-01-03,service_date_lookup
H001056,Jaime Herrera Beutler,R,house,WA,511,0.7,3,730,2021-01-03,2023-01-03,service_date_lookup
S000320,Richard Shelby,R,senate,AL,505,0.6917808219178082,2,730,2021-01-03,2023-01-03,service_date_lookup
G000546,Sam Graves,R,house,MO,484,0.663013698630137,1,730,2021-01-03,2023-01-03,service_date_lookup
B000574,Earl Blumenauer,D,house,OR,482,0.6602739726027397,2,730,2021-01-03,2023-01-03,service_date_lookup
B000490,Sanford Bishop,D,house,GA,480,0.6575342465753424,2,730,2021-01-03,2023-01-03,service_date_lookup
L000578,Doug LaMalfa,R,house,CA,479,0.6561643835616439,2,730,2021-01-03,2023-01-03,service_date_lookup
S001189,Austin Scott,R,house,GA,478,0.6547945205479452,3,730,2021-01-03,2023-01-03,service_date_lookup
M001194,John Moolenaar,R,house,MI,472,0.6465753424657534,2,730,2021-01-03,2023-01-03,service_date_lookup
C001087,Rick Crawford,R,house,AR,450,0.6164383561643836,2,730,2021-01-03,2023-01-03,service_date_lookup
L000562,Stephen Lynch,D,house,MA,448,0.6136986301369863,2,730,2021-01-03,2023-01-03,service_date_lookup
M001177,Tom McClintock,R,house,CA,441,0.6041095890410959,2,730,2021-01-03,2023-01-03,service_date_lookup
A000055,Robert Aderholt,R,house,AL,435,0.5958904109589042,2,730,2021-01-03,2023-01-03,service_date_lookup
H001052,Andy Harris,R,house,MD,430,0.589041095890411,2,730,2021-01-03,2023-01-03,service_date_lookup
F000449,Jeff Fortenberry,R,house,NE,430,0.9513274336283186,2,452,2021-01-03,2022-03-31,service_date_lookup
F000474,Mike Flood,R,house,NE,420,2.4,2,175,2022-07-12,2023-01-03,service_date_lookup
B001251,G.K. Butterfield,D,house,NC,416,0.5730027548209367,1,726,2021-01-03,2022-12-30,service_date_lookup
R000585,Tom Reed,R,house,NY,407,0.8272357723577236,3,492,2021-01-03,2022-05-10,service_date_lookup
L000397,Zoe Lofgren,D,house,CA,399,0.5465753424657535,2,730,2021-01-03,2023-01-03,service_date_lookup
V000132,Filemon Vela,D,house,TX,378,0.8362831858407079,2,452,2021-01-03,2022-03-31,service_date_lookup
H000324,Alcee Hastings,D,house,FL,373,4.010752688172043,2,93,2021-01-03,2021-04-06,service_date_lookup
T000479,Van Taylor,R,house,TX,372,0.5095890410958904,2,730,2021-01-03,2023-01-03,service_date_lookup
C001035,Susan Collins,R,senate,ME,320,0.4383561643835616,2,730,2021-01-03,2023-01-03,service_date_lookup
R000579,Patrick Ryan,D,house,NY,302,2.6964285714285716,2,112,2022-09-13,2023-01-03,service_date_lookup
C001127,Sheila Cherfilus-McCormick,D,house,FL,294,0.84,2,350,2022-01-18,2023-01-03,service_date_lookup
H001080,Deb Haaland,D,house,NM,290,4.027777777777778,3,72,2021-01-03,2021-03-16,service_date_lookup
W000187,Maxine Waters,D,house,CA,278,0.38082191780821917,3,730,2021-01-03,2023-01-03,service_date_lookup
R000600,Amata Coleman Radewagen,R,house,AS,266,0.3643835616438356,1,730,2021-01-03,2023-01-03,service_date_lookup
M001166,Jerry McNerney,D,house,CA,260,0.3561643835616438,2,730,2021-01-03,2023-01-03,service_date_lookup
V000133,Jeff Van Drew,R,house,NJ,240,0.3287671232876712,3,730,2021-01-03,2023-01-03,service_date_lookup
E000071,Jake Ellzey,R,house,TX,235,0.4501915708812261,2,522,2021-07-30,2023-01-03,service_date_lookup
A000369,Mark Amodei,R,house,NV,229,0.3136986301369863,2,730,2021-01-03,2023-01-03,service_date_lookup
B001301,Jack Bergman,R,house,MI,228,0.31232876712328766,2,730,2021-01-03,2023-01-03,service_date_lookup
C000059,Ken Calvert,R,house,CA,165,0.22602739726027396,2,730,2021-01-03,2023-01-03,service_date_lookup
F000475,Brad Finstad,R,house,MN,159,1.1041666666666667,2,144,2022-08-12,2023-01-03,service_date_lookup
H001075,Kamala Harris,D,senate,CA,135,9.0,3,15,2021-01-03,2021-01-18,service_date_lookup
P000605,Scott Perry,R,house,PA,127,0.17397260273972603,2,730,2021-01-03,2023-01-03,service_date_lookup
S001187,Steve Stivers,R,house,OH,122,0.9172932330827067,2,133,2021-01-03,2021-05-16,service_date_lookup
K000388,Trent Kelly,R,house,MS,122,0.16712328767123288,2,730,2021-01-03,2023-01-03,service_date_lookup
P000599,Bill Posey,R,house,FL,119,0.16301369863013698,2,730,2021-01-03,2023-01-03,service_date_lookup
R000395,Hal Rogers,R,house,KY,111,0.15205479452054796,2,730,2021-01-03,2023-01-03,service_date_lookup
C001128,Connie Conway,R,house,CA,80,0.38095238095238093,2,210,2022-06-07,2023-01-03,service_date_lookup
W000827,Ron Wright,R,house,TX,72,2.057142857142857,2,35,2021-01-03,2021-02-07,service_date_lookup
F000455,Marcia Fudge,D,house,OH,72,1.0909090909090908,2,66,2021-01-03,2021-03-10,service_date_lookup
L000594,Kelly Loeffler,R,senate,GA,67,3.9411764705882355,2,17,2021-01-03,2021-01-20,service_date_lookup
R000588,Cedric Richmond,D,house,LA,50,4.166666666666667,2,12,2021-01-03,2021-01-15,service_date_lookup
S001197,Ben Sasse,R,senate,NE,48,0.06575342465753424,3,730,2021-01-03,2023-01-03,service_date_lookup
H001074,Trey Hollingsworth,R,house,IN,38,0.052054794520547946,2,730,2021-01-03,2023-01-03,service_date_lookup
Y000067,Rudy Yakym,R,house,IN,6,0.12,2,50,2022-11-14,2023-01-03,service_date_lookup
S001204,Michael San Nicolas,D,house,GU,1,0.0013698630136986301,1,730,2021-01-03,2023-01-03,service_date_lookup
B001135,Richard Burr,R,senate,NC,0,0.0,2,730,2021-01-03,2023-01-03,service_date_lookup
N000181,Devin Nunes,R,house,CA,0,0.0,4,365,2021-01-03,2022-01-03,service_date_lookup
S000522,Chris Smith,R,house,NJ,0,0.0,1,730,2021-01-03,2023-01-03,service_date_lookup
